<?xml version="1.0" encoding="UTF-8"?>
<project-private xmlns="http://www.netbeans.org/ns/project-private/1">
    <editor-bookmarks xmlns="http://www.netbeans.org/ns/editor-bookmarks/2" lastBookmarkId="0"/>
    <open-files xmlns="http://www.netbeans.org/ns/projectui-open-files/2">
        <group>
            <file>file:/home/bagai35/Desktop/SPTV21WebLibrary/web/WEB-INF/books/addBook.jsp</file>
            <file>file:/home/bagai35/Desktop/SPTV21WebLibrary/src/conf/persistence.xml</file>
            <file>file:/home/bagai35/Desktop/SPTV21WebLibrary/src/java/servlets/ReaderServlets.java</file>
            <file>file:/home/bagai35/Desktop/SPTV21WebLibrary/src/java/entity/Author.java</file>
            <file>file:/home/bagai35/Desktop/SPTV21WebLibrary/web/WEB-INF/web.xml</file>
            <file>file:/home/bagai35/Desktop/SPTV21WebLibrary/src/java/servlets/InsertFile.java</file>
            <file>file:/home/bagai35/Desktop/SPTV21WebLibrary/src/java/servlets/HistoryServlets.java</file>
            <file>file:/home/bagai35/Desktop/SPTV21WebLibrary/web/WEB-INF/books/book.jsp</file>
            <file>file:/home/bagai35/Desktop/SPTV21WebLibrary/web/WEB-INF/books/addCover.jsp</file>
            <file>file:/home/bagai35/Desktop/SPTV21WebLibrary/web/WEB-INF/books/listBooks.jsp</file>
            <file>file:/home/bagai35/Desktop/SPTV21WebLibrary/src/java/session/HistoryFacade.java</file>
            <file>file:/home/bagai35/Desktop/SPTV21WebLibrary/src/java/session/AuthorFacade.java</file>
            <file>file:/home/bagai35/Desktop/SPTV21WebLibrary/web/WEB-INF/glassfish-resources.xml</file>
            <file>file:/home/bagai35/Desktop/SPTV21WebLibrary/src/java/servlets/UploadServlet.java</file>
            <file>file:/home/bagai35/Desktop/SPTV21WebLibrary/src/java/entity/Book.java</file>
            <file>file:/home/bagai35/Desktop/SPTV21WebLibrary/src/java/servlets/BookServlet.java</file>
            <file>file:/home/bagai35/Desktop/SPTV21WebLibrary/src/java/session/ReaderFacade.java</file>
            <file>file:/home/bagai35/Desktop/SPTV21WebLibrary/src/java/entity/Cover.java</file>
            <file>file:/home/bagai35/Desktop/SPTV21WebLibrary/src/java/session/BookFacade.java</file>
            <file>file:/home/bagai35/Desktop/SPTV21WebLibrary/web/index.jsp</file>
            <file>file:/home/bagai35/Desktop/SPTV21WebLibrary/src/java/session/CoverFacade.java</file>
        </group>
    </open-files>
</project-private>
